Text,User,Platform,Hashtags,Retweets,Likes,Country,Year,Month,Day,Hour
"Bought another pair of Nike shoes today, can't get enough of them!",User123,Twitter,#Nike,15,30,USA,2023,1,15,12
Just finished a great workout in my Nike gear. Feeling pumped!,CommuterX,Twitter,#Nike,5,10,Canada,2023,1,15,8
"Nike's new campaign is so inspiring, love their commitment to athletes.",FitnessFan,Instagram,#Nike,20,40,USA,2023,1,15,15
Purchased a Nike hoodie and it's the comfiest thing ever!,AdventureX,Facebook,#Nike,8,15,UK,2023,1,15,18
"Got my hands on the latest Nike Air Max, they look and feel amazing!",ChefCook,Instagram,#Nike,12,25,Australia,2023,1,15,19
"Considering trying out Nike's new running shoes, anyone tried them yet?",GratitudeNow,Twitter,#Nike,25,50,India,2023,1,16,9
Nike's store layout is always so clean and inviting.,RainyDays,Facebook,#Nike,10,20,Canada,2023,1,16,14
Planning to gift a Nike gift card for my friend's birthday.,MovieBuff,Instagram,#Nike,15,30,USA,2023,1,16,19
"Heard mixed reviews about Nike's latest collection, not sure if it's worth it.",DebateTalk,Twitter,#Nike,30,60,USA,2023,1,17,8
Wondering if Nike offers any sustainability initiatives in their production process.,BeachLover,Facebook,#Nike,18,35,Australia,2023,1,17,12
"Received my Nike order faster than expected, great job on the delivery!",BloggerX,Instagram,#Nike,22,45,USA,2023,1,17,15
"Wore my Nike sneakers for a whole day of walking, my feet are thanking me!",WellnessCheck,Twitter,#Nike,7,15,Canada,2023,1,18,10
Nike's customer service team was super helpful in resolving an issue with my order.,UrbanExplorer,Facebook,#Nike,12,25,UK,2023,1,18,14
Nike's marketing team always knows how to create buzz around their products.,FitJourney,Instagram,#Nike,28,55,USA,2023,1,18,18
"Disappointed with the durability of my Nike running shoes, started falling apart after a few months.",TechEnthusiast,Twitter,#Nike,15,30,India,2023,1,19,9
Bought a Nike shirt and the stitching came undone after just one wash.,Reflections,Facebook,#Nike,20,40,USA,2023,1,19,13
"Nike's prices keep going up, becoming unaffordable for many.",PetAdopter,Instagram,#Nike,15,30,Canada,2023,1,19,17
Had a bad experience with a rude staff member at a Nike store.,GamerX,Twitter,#Nike,18,35,UK,2023,1,20,0
"Ordered a Nike item online and it arrived damaged, poor packaging.",TechConference,Facebook,#Nike,25,50,USA,2023,1,20,11
"Nike's sizing is inconsistent, had to return multiple items due to fit issues.",WinterBlues,Instagram,#Nike,8,15,USA,2023,1,20,15
"Just hit a new personal record in my Nike running shoes, feels amazing!",AngryDebater,Twitter,#Nike,20,40,Canada,2023,2,20,9
"Disappointed with the durability of my Nike running shoes, started falling apart after a few months.",FearfulDreamer,Instagram,#Nike,15,30,USA,2023,2,20,21
Can't wait to hit the basketball court in my new Nike basketball shoes.,FarewellHeart,Facebook,#Nike,25,50,India,2023,2,21,14
"Nike's prices keep going up, becoming unaffordable for many.",AntiCorruption,Twitter,#Nike,18,35,UK,2023,2,21,18
Nike's collaboration with [celebrity/artist/athlete] is a game-changer.,NewParentJoy,Instagram,#Nike,30,60,UK,2023,2,22,10
Loving the vibrant colors of my new Nike workout leggings!,StandUpFan,Facebook,#Nike,22,45,Canada,2023,2,22,19
"My Nike shoes have lasted through countless workouts, incredible durability!",LoveSender,Twitter,#Nike,15,30,Australia,2023,2,23,8
Nike's store layout is always so clean and inviting.,PetAmuser,Instagram,#Nike,18,35,UK,2023,2,23,14
"Just signed up for the Nike Run Club app, ready to crush my goals.",TravelExplorer,Facebook,#Nike,25,50,USA,2023,2,23,19
Wondering if Nike offers any sustainability initiatives in their production process.,CharityAdmirer,Twitter,#Nike,20,40,USA,2023,2,24,11
Excited to break in my new Nike running shoes on the trails this weekend.,FamilyLover,Instagram,#Nike,15,30,USA,2023,2,24,16
"Considering trying out Nike's new running shoes, anyone tried them yet?",Stargazer,Facebook,#Nike,22,45,Australia,2023,2,24,20
"Received my Nike order faster than expected, great job on the delivery!",ProjectStruggle,Twitter,#Nike,18,35,India,2023,2,25,9
Can always count on Nike for top-notch quality and style.,JoyfulReunion,Instagram,#Nike,25,50,USA,2023,2,25,14
Had a bad experience with a rude staff member at a Nike store.,LifeAcceptance,Facebook,#Nike,15,30,Canada,2023,2,25,18
My Nike gear is my go-to for both workouts and casual wear.,PuppyAdmirer,Twitter,#Nike,22,45,UK,2023,2,26,10
"Heard mixed reviews about Nike's latest collection, not sure if it's worth it.",MovieBuff2,Instagram,#Nike,20,40,Australia,2023,2,26,7
Nike's customer service team was super helpful in resolving an issue with my order.,CustomerWoes,Facebook,#Nike,18,35,USA,2023,2,26,15
Nike's marketing team always knows how to create buzz around their products.,CalmSoul,Twitter,#Nike,15,30,India,2023,2,27,9
Nike's commitment to innovation keeps me coming back for more.,ConfusedMind2,Instagram,#Nike,25,50,UK,2023,2,27,14
"My Nike Air Jordans are a timeless classic, never going out of style.",BirthdayExcite,Facebook,#Nike,22,45,Canada,2023,2,27,18
Feeling motivated after reading Nike's latest inspirational quote.,KindnessObserver,Twitter,#Nike,20,40,USA,2023,2,28,11
Nike's dedication to empowering athletes of all abilities is inspiring.,FitAchiever,Instagram,#Nike,30,60,UK,2023,2,28,16
Rocking my Nike gear gives me an instant confidence boost.,ReflectiveSelf2,Facebook,#Nike,15,30,India,2023,2,28,19
"Just hit a new personal record in my Nike running shoes, feels amazing!",DiversityLover,Twitter,#Nike,22,45,Australia,2023,3,1,10
Nike's social media presence always keeps me engaged and inspired.,BookwormJoy,Instagram,#Nike,18,35,USA,2023,3,1,13
"My Nike backpack is durable and functional, perfect for everyday use.",WorkplaceWoes,Twitter,#Nike,15,30,Canada,2023,3,1,17
"Nike's commercials always tug at my heartstrings, well done!",MindfulMe,Facebook,#Nike,15,30,UK,2023,3,2,18
Nothing beats the feeling of breaking in a new pair of Nike sneakers.,ConfusedMind3,Instagram,#Nike,30,60,USA,2023,3,2,13
Excited to see what Nike has in store for their next product launch.,RoadTripper2,Twitter,#Nike,25,50,India,2023,3,2,16
Nike's commitment to equality and social justice is admirable.,KindnessPrevails2,Facebook,#Nike,22,45,USA,2023,3,3,11
"Just placed another order on the Nike website, can't wait for it to arrive!",GoalAchiever,Instagram,#Nike,12,25,Canada,2023,3,3,14
Loving the attention to detail in my new Nike sneakers.,ReflectiveSelf3,Twitter,#Nike,15,30,UK,2023,3,3,12
Feeling disappointed with the lack of color options in my favorite Nike shorts.,NostalgiaFan,Twitter,#Nike,20,40,Canada,2010,5,15,15
Nike's commitment to community outreach is commendable.,SportsFanatic,Instagram,#Nike,15,30,USA,2021,8,10,21
Can't wait to break in my new Nike hiking boots on the trails.,NatureLover2,Facebook,#Nike,25,50,India,2011,6,20,14
Disappointed with the lack of durability in my Nike duffle bag.,ZenMaster2,Twitter,#Nike,18,35,UK,2022,2,12,18
"Just placed an order for the new Nike swimsuit, hoping it fits well.",ThankfulHeart,Instagram,#Nike,30,60,Australia,2012,11,25,10
Excited to participate in the upcoming Nike sponsored basketball tournament.,OptimisticSoul,Facebook,#Nike,22,45,USA,2013,4,5,19
Wondering if Nike will ever release a line of sustainable swimwear.,CommunityLeader,Twitter,#Nike,15,30,UK,2014,9,14,8
Feeling proud to support a brand like Nike that stands for equality and justice.,CharitySupporter,Instagram,#Nike,18,35,Canada,2015,7,18,14
Can't wait to hit the slopes in my new Nike snowboarding gear.,LovingHeart,Facebook,#Nike,25,50,UK,2016,2,23,19
Disappointed with the lack of responsiveness from Nike's customer service team.,ExcitementFan,Twitter,#Nike,20,40,Australia,2017,10,30,11
Loving the retro design of my new Nike sneakers.,ProjectEnthusiast,Instagram,#Nike,15,30,USA,2018,6,15,16
Feeling disappointed with the lack of support in my Nike sports bra.,MilestoneAchiever,Facebook,#Nike,22,45,India,2019,3,28,18
"Just received my Nike order, everything looks perfect!",HistoryLover,Twitter,#Nike,18,35,UK,2019,11,11,15
Loving the versatility of my new Nike backpack.,JoyfulReunion2,Instagram,#Nike,25,50,Canada,2020,4,2,9
Excited to try out the new Nike trail running shoes.,MusicEnthusiast,Facebook,#Nike,15,30,USA,2021,6,19,14
Feeling disappointed with the lack of size options in my favorite Nike shirt.,SimpleJoys,Twitter,#Nike,30,60,Australia,2010,8,15,10
Nike's dedication to innovation keeps me coming back for more.,BookLover3,Instagram,#Nike,22,45,UK,2011,9,22,19
"Just completed my first run with the Nike Run Club app, feeling accomplished!",SupportiveFriend,Facebook,#Nike,15,30,India,2012,3,10,8
Disappointed with the lack of durability in my Nike duffle bag.,JourneyOptimist,Twitter,#Nike,18,35,Canada,2013,12,5,16
"Just placed an order for the new Nike swimsuit, hoping it fits well.",GrowthSeeker,Instagram,#Nike,25,50,USA,2014,7,20,11
Excited to participate in the upcoming Nike sponsored basketball tournament.,HolidayHelper,Facebook,#Nike,18,35,USA,2015,12,22,14
Wondering if Nike will ever release a line of sustainable swimwear.,WinterWarmth,Twitter,#Nike,25,50,UK,2016,2,10,19
Feeling proud to support a brand like Nike that stands for equality and justice.,AdventureAwaits,Instagram,#Nike,20,40,Australia,2017,4,30,11
Can't wait to hit the slopes in my new Nike snowboarding gear.,CreativeSpirit,Facebook,#Nike,15,30,Canada,2018,9,15,16
Disappointed with the lack of responsiveness from Nike's customer service team.,FitnessAchiever,Twitter,#Nike,22,45,India,2019,6,28,18
Loving the retro design of my new Nike sneakers.,ArtAppreciator,Instagram,#Nike,18,35,UK,2020,11,11,15
Feeling disappointed with the lack of support in my Nike sports bra.,GoalAchiever2,Facebook,#Nike,25,50,USA,2021,3,2,9
"Just received my Nike order, everything looks perfect!",UrbanExplorer2,Twitter,#Nike,20,40,USA,2012,2,18,14
Loving the versatility of my new Nike backpack.,BirthdayJoy,Instagram,#Nike,15,30,UK,2018,11,5,21
Excited to try out the new Nike trail running shoes.,HomeChef,Facebook,#Nike,25,50,India,2015,9,12,13
Feeling disappointed with the lack of size options in my favorite Nike shirt.,MusicLover4,Twitter,#Nike,18,35,Canada,2016,7,30,18
Nike's dedication to innovation keeps me coming back for more.,CommunityLove,Instagram,#Nike,30,60,USA,2013,4,20,10
Disappointed with the lack of durability in my Nike duffle bag.,ProductLaunchJoy,Facebook,#Nike,15,30,USA,2022,4,3,11
"Just placed an order for the new Nike swimsuit, hoping it fits well.",LovingEmbrace,Twitter,#Nike,30,60,India,2010,11,12,20
Excited to participate in the upcoming Nike sponsored basketball tournament.,SunsetWatcher2,Instagram,#Nike,22,45,Canada,2011,7,22,18
Wondering if Nike will ever release a line of sustainable swimwear.,JoyfulHeart2,Facebook,#Nike,15,30,Australia,2012,3,30,11
Feeling proud to support a brand like Nike that stands for equality and justice.,GrowthOptimist,Twitter,#Nike,18,35,UK,2013,10,5,16
Can't wait to hit the slopes in my new Nike snowboarding gear.,SkillEmpower,Instagram,#Nike,25,50,India,2014,7,10,13
Disappointed with the lack of responsiveness from Nike's customer service team.,CharityVolunteer,Facebook,#Nike,18,35,USA,2015,12,18,14
Loving the retro design of my new Nike sneakers.,PetLove,Twitter,#Nike,25,50,Canada,2016,2,10,19
Feeling disappointed with the lack of support in my Nike sports bra.,FestivalFan,Instagram,#Nike,20,40,UK,2017,9,25,11
"Just received my Nike order, everything looks perfect!",DIYEnthusiast,Facebook,#Nike,15,30,Australia,2018,4,15,16
Loving the versatility of my new Nike backpack.,PuzzleMaster,Twitter,#Nike,22,45,India,2019,11,28,18
Excited to try out the new Nike trail running shoes.,NatureAdmirer,Instagram,#Nike,18,35,USA,2020,5,11,15
Feeling disappointed with the lack of size options in my favorite Nike shirt.,ChildhoodJoy,Facebook,#Nike,25,50,Canada,2021,2,5,9
Nike's dedication to innovation keeps me coming back for more.,StrugglingSoul,Twitter,#Nike,5,10,USA,2021,3,10,8
"Just got my hands on the new Adidas Ultraboost, they're incredibly comfortable!",MourningHeart,Instagram,#Adidas,8,15,Canada,2022,7,5,15
"Disappointed with the quality of my Adidas tracksuit, stitching came undone after a few washes.",SolitarySoul,Facebook,#Adidas,10,20,UK,2019,11,18,21
Can't wait to hit the soccer field in my new Adidas cleats.,EnviousObserver,Twitter,#Adidas,12,25,India,2020,8,12,11
Adidas' prices seem to be more reasonable compared to other brands.,BitterHeart,Instagram,#Adidas,7,15,Australia,2018,5,22,14
Frustration mounts as obstacles block my path.,BlockedGoals,Facebook,#Adidas,10,20,USA,2017,1,30,16
Loving the sleek design of my new Adidas backpack.,BoredMind,Twitter,#Adidas,8,15,Canada,2016,9,28,19
"My Adidas sneakers have lasted through countless workouts, great durability!",WorriedMind,Instagram,#Adidas,12,25,UK,2019,4,15,9
Adidas' store layout is always modern and welcoming.,FearfulSoul,Facebook,#Adidas,15,30,India,2021,12,3,18
"Just signed up for the Adidas running app, excited to track my progress.",OverwhelmedHeart,Twitter,#Adidas,8,15,Australia,2020,6,20,14
Wondering if Adidas offers any eco-friendly clothing options.,CovetousMind,Instagram,#Adidas,10,20,Canada,2018,11,7,11
Excited to break in my new Adidas hiking boots on my next adventure.,RemorsefulSoul,Facebook,#Adidas,12,25,UK,2017,8,25,16
"Considering trying out Adidas' new line of basketball shoes, anyone have recommendations?",DisgustedHeart,Twitter,#Adidas,7,15,India,2019,2,11,9
"Received my Adidas order with missing items, disappointed with the fulfillment process.",HopelessHeart,Instagram,#Adidas,10,20,USA,2016,4,2,20
"Adidas' commitment to sustainability is commendable, glad to support eco-friendly initiatives.",TearfulSoul,Facebook,#Adidas,12,25,Canada,2015,10,18,15
Can't wait to hit the gym in my new Adidas workout gear.,IsolatedMind,Twitter,#Adidas,15,30,UK,2019,7,12,18
Disappointed with the lack of color options in my favorite Adidas t-shirt.,SelfDoubt,Instagram,#Adidas,8,15,India,2018,6,3,16
"My Adidas hoodie is my go-to for chilly mornings, so cozy!",BrokenTrust,Facebook,#Adidas,10,20,Australia,2022,1,15,12
"Just ordered a custom pair of Adidas sneakers, can't wait to see how they turn out.",ExplosiveMind,Twitter,#Adidas,12,25,USA,2017,4,10,14
Excited to participate in the upcoming Adidas-sponsored running event.,MundaneHeart,Instagram,#Adidas,7,15,Canada,2016,11,28,19
Wondering if Adidas will ever release a line of sustainable swimwear.,RestlessMind,Facebook,#Adidas,10,20,UK,2018,9,5,9
Feeling proud to support a brand like Adidas that stands for inclusivity and diversity.,FearfulJourney,Twitter,#Adidas,15,30,India,2021,10,22,18
Loving the retro design of my new Adidas tracksuit.,OverwhelmedSoul,Instagram,#Adidas,8,15,Australia,2019,5,8,14
My Adidas running shoes are starting to show signs of wear after just a few months.,GreenEyedMonster,Facebook,#Adidas,10,20,Canada,2017,3,20,11
"Just received my Adidas order, everything looks perfect!",RegretfulMind,Twitter,#Adidas,12,25,USA,2018,12,15,16
Adidas' dedication to innovation keeps me coming back for more.,CorruptedHeart,Instagram,#Adidas,7,15,UK,2016,7,1,9
"Just completed my first run with the Adidas running app, feeling accomplished!",DrowningSoul,Facebook,#Adidas,10,20,India,2020,8,20,20
"Neutral: Considering trying out Adidas' new yoga mat, anyone have recommendations?",StormyHeart,Twitter,#Adidas,12,25,Canada,2021,2,25,15
Loving the attention to detail in my new Adidas sneakers.,EchoingSoul,Instagram,#Adidas,15,30,Australia,2019,9,12,18
Feeling disappointed with the lack of color options in my favorite Adidas shorts.,PoisonedMind,Facebook,#Adidas,8,15,USA,2018,8,5,16
Adidas' commitment to community outreach is commendable.,UnforgivingSoul,Twitter,#Adidas,10,20,India,2017,1,12,12
Can't wait to break in my new Adidas soccer cleats on the field.,ThunderingMind,Instagram,#Adidas,12,25,UK,2022,4,5,14
Disappointed with the lack of responsiveness from Adidas' customer service team.,StagnantHeart,Facebook,#Adidas,7,15,Canada,2021,10,2,19
Loving the vintage vibe of my new Adidas jacket.,InquisitiveMind,Twitter,#Adidas,15,30,USA,2023,4,15,10
Feeling disappointed with the lack of support in my Adidas sports bra.,ApatheticObserver,Instagram,#Adidas,7,15,Canada,2022,11,28,17
Excited to try out the new Adidas trail running shoes.,SeekingClarity,Facebook,#Adidas,10,20,UK,2020,4,2,9
Wondering if Adidas will ever release a line of sustainable ski wear.,EmotionallyDistant,Twitter,#Adidas,8,15,India,2021,8,10,14
Feeling proud to support a brand like Adidas that stands for environmental sustainability.,SunsetDreamer,Instagram,#Adidas,12,25,Australia,2019,6,18,20
Can't wait to hit the slopes in my new Adidas snowboarding gear.,MemoryLaneTraveler,Facebook,#Adidas,10,20,USA,2018,2,5,15
"Disappointed with the quality of my Adidas duffle bag, strap broke after just a few uses.",MixedFeelings,Twitter,#Adidas,12,25,Canada,2022,5,30,11
"Just placed an order for the new Adidas swimsuit, hoping it fits well.",ZenLifestyle,Instagram,#Adidas,15,30,UK,2023,1,10,16
Excited to participate in the upcoming Adidas-sponsored basketball tournament.,ResilientSpirit,Facebook,#Adidas,10,20,India,2020,9,18,13
Wondering if Adidas will ever release a line of eco-friendly hiking boots.,NatureSoul,Twitter,#Adidas,12,25,Australia,2021,7,3,19
Feeling disappointed with the lack of options in my Adidas size range.,EternalLearner,Instagram,#Adidas,20,40,USA,2022,10,8,8
Loving the classic design of my new Adidas sneakers.,AloofObserver,Facebook,#Adidas,10,20,Canada,2023,3,22,16
"My Adidas workout leggings ripped after just a few wears, poor quality.",ThoughtExplorer,Twitter,#Adidas,15,30,UK,2021,5,15,11
"Just received my Adidas order, everything looks perfect!",StoicSoul,Instagram,#Adidas,8,15,Australia,2019,12,28,14
Adidas' commitment to innovation in sports technology is unmatched.,DreamerInSilence,Facebook,#Adidas,12,25,India,2020,3,1,19
"Just completed my first yoga session with the Adidas yoga mat, feeling rejuvenated!",JournalKeeper,Twitter,#Adidas,10,20,Canada,2018,7,10,15
"Neutral: Considering trying out Adidas' new gym bag, anyone have recommendations?",ThreadWeaver,Instagram,#Adidas,12,25,UK,2022,1,5,10
Loving the comfort and style of my new Adidas slides.,SelfLoveAdvocate,Facebook,#Adidas,15,30,Australia,2021,8,20,16
Feeling disappointed with the lack of support in my Adidas sports bra.,DreamChaser,Twitter,#Adidas,18,35,USA,2019,11,3,13
Adidas' dedication to sustainable materials is commendable.,OceanSoul,Instagram,#Adidas,25,50,Canada,2020,4,12,19
Can't wait to hit the trails in my new Adidas hiking boots.,HorizonExplorer,Facebook,#Adidas,22,45,India,2022,4,15,8
Disappointed with the lack of durability in my Adidas backpack.,NonchalantSpirit,Twitter,#Adidas,9,18,UK,2023,2,10,17
"Just placed an order for the new Adidas swim shorts, hoping they fit well.",ComplexThinker,Instagram,#Adidas,14,28,Australia,2020,8,5,12
Excited to participate in the upcoming Adidas-sponsored tennis tournament.,ShieldedHeart,Facebook,#Adidas,10,20,USA,2021,12,1,15
Wondering if Adidas will ever release a line of sustainable outdoor gear.,SymphonySoul,Twitter,#Adidas,13,26,Canada,2019,3,25,21
Feeling proud to support a brand like Adidas that prioritizes social responsibility.,YearbookExplorer,Instagram,#Adidas,12,25,India,2017,6,18,14
Can't wait to hit the slopes in my new Adidas ski jacket.,DecisiveDilemma,Facebook,#Adidas,15,30,Australia,2022,7,8,11
Disappointed with the lack of response from Adidas regarding my warranty claim.,ImperfectHarmony,Twitter,#Adidas,18,36,Canada,2023,5,15,16
Loving the sleek design of my new Adidas gym bag.,VisionarySpirit,Instagram,#Adidas,20,40,UK,2021,9,10,14
Feeling disappointed with the lack of cushioning in my Adidas running shoes.,ForestDreamer,Facebook,#Adidas,25,50,USA,2020,2,28,18
"Just received my Adidas order, everything looks perfect!",SilentSpectator,Instagram,#Adidas,9,18,India,2023,3,10,16
Adidas' commitment to innovation in sports technology is unmatched.,MazeNavigator,Facebook,#Adidas,14,28,Australia,2021,5,2,11
"Just completed my first yoga session with the Adidas yoga mat, feeling rejuvenated!",ResilientFortress,Twitter,#Adidas,11,22,UK,2019,10,18,14
"Neutral: Considering trying out Adidas' new gym bag, anyone have recommendations?",CanvasDreamer,Instagram,#Adidas,13,26,USA,2020,1,5,20
Loving the comfort and style of my new Adidas slides.,DiaryExplorer,Facebook,#Adidas,12,25,Canada,2018,8,10,15
Feeling disappointed with the lack of support in my Adidas sports bra.,CrossroadsTraveler,Twitter,#Adidas,15,30,India,2022,1,15,10
Adidas' dedication to sustainable materials is commendable.,MosaicDreamer,Instagram,#Adidas,18,36,Australia,2021,7,20,16
Can't wait to hit the trails in my new Adidas hiking boots.,PathfinderSpirit,Facebook,#Adidas,20,40,USA,2019,12,3,13
Disappointed with the lack of durability in my Adidas backpack.,RaindropHarmony,Twitter,#Adidas,25,50,Canada,2020,4,12,19
"Just placed an order for the new Adidas swim shorts, hoping they fit well.",SeekerOfUnknowns,Instagram,#Adidas,22,45,UK,2022,5,8,8
Excited to participate in the upcoming Adidas-sponsored tennis tournament.,NonchalantWanderer,Facebook,#Adidas,9,18,India,2023,2,22,17
Wondering if Adidas will ever release a line of sustainable outdoor gear.,ShadowedSeeker,Twitter,#Adidas,14,28,Australia,2020,6,5,12
Feeling proud to support a brand like Adidas that prioritizes social responsibility.,TurbulentShield,Instagram,#Adidas,10,20,Canada,2021,11,30,15
Can't wait to hit the slopes in my new Adidas ski jacket.,WistfulPainter,Facebook,#Adidas,13,26,UK,2019,2,25,21
Disappointed with the lack of response from Adidas regarding my warranty claim.,TaleWeaver,Twitter,#Adidas,12,25,USA,2017,5,18,14
Loving the sleek design of my new Adidas gym bag.,CrossroadsExplorer,Instagram,#Adidas,15,30,Canada,2022,8,5,11
Feeling disappointed with the lack of cushioning in my Adidas running shoes.,MosaicArtist,Facebook,#Adidas,18,36,Australia,2023,6,15,16
"Enjoying my morning coffee from Starbucks, the perfect way to start the day!",DreamSculptor,Twitter,#Starbucks,20,40,UK,2021,10,10,14
"Disappointed with the long wait times at my local Starbucks, need to improve efficiency.",MoonlitSoul,Instagram,#Starbucks,25,50,USA,2020,5,12,19
"Can't wait to try the new seasonal drink at Starbucks, heard it's delicious.",FearlessExplorer,Facebook,#Starbucks,22,44,India,2022,12,1,9
Starbucks' prices seem a bit high compared to other coffee shops.,TurbulentShield,Instagram,#Starbucks,10,20,Canada,2021,11,30,15
Starbucks' collaboration with [celebrity/artist] is intriguing.,JoyfulDancer,Twitter,#Starbucks,15,30,USA,2018,7,12,17
Loving the cozy ambiance of my local Starbucks store.,SereneBasker,Facebook,#Starbucks,18,36,Australia,2020,9,5,20
My Starbucks reusable cup is my favorite accessory.,DreamPainter,Instagram,#Starbucks,12,24,India,2022,4,18,8
"Just signed up for the Starbucks rewards program, excited for the perks.",OakAchiever,Twitter,#Starbucks,25,50,Canada,2019,12,10,12
Wondering if Starbucks offers any vegan-friendly pastry options.,HeartGardener,Facebook,#Starbucks,20,40,USA,2023,2,28,9
Excited to try out the new Starbucks Reserve coffee blend.,ThreadWeaver,Instagram,#Starbucks,15,30,UK,2018,4,3,14
"Considering trying out Starbucks' new breakfast menu, anyone have recommendations?",CloudCaretaker,Twitter,#Starbucks,18,36,Australia,2022,6,20,10
"Received my Starbucks order with the wrong drink, disappointed with the accuracy.",RainDancer,Facebook,#Starbucks,22,44,Canada,2020,7,8,18
"Starbucks' commitment to sustainability is commendable, glad to support eco-friendly initiatives.",SkyPainter,Instagram,#Starbucks,20,40,India,2021,8,15,11
Can't wait to grab my favorite Starbucks drink on my way to work.,PhoenixExplorer,Twitter,#Starbucks,15,30,UK,2019,10,25,16
Disappointed with the lack of dairy-free milk options at Starbucks.,SunriseNavigator,Facebook,#Starbucks,12,24,USA,2023,10,5,7
"My Starbucks mug keeps my coffee hot for hours, love it!",SandStrider,Instagram,#Starbucks,25,50,Australia,2022,2,15,13
"Just ordered a custom Starbucks gift card, perfect for gifting.",NightSerenader,Twitter,#Starbucks,13,26,Canada,2021,5,8,22
Excited to participate in the upcoming Starbucks trivia night.,KnowledgeSeeker,Instagram,#Starbucks,17,34,USA,2020,11,29,14
Wondering if Starbucks will ever release a line of reusable straws.,BreezeWaltzer,Facebook,#Starbucks,14,28,UK,2019,9,14,10
Feeling proud to support a brand like Starbucks that supports fair trade coffee.,StarNavigator,Twitter,#Starbucks,19,38,Australia,2022,3,12,19
Loving the new design of my Starbucks tumbler.,MeadowSprinter,Instagram,#Starbucks,16,32,India,2023,3,30,16
My Starbucks barista was incredibly friendly and made my day.,RainNurturer,Facebook,#Starbucks,21,42,Canada,2021,7,1,12
"Just received my Starbucks order, everything looks perfect!",PeakConqueror,Twitter,#Starbucks,23,46,USA,2020,1,5,8
Starbucks' dedication to innovation in coffee brewing is impressive.,DawnGardener,Instagram,#Starbucks,14,28,UK,2022,7,17,6
"Just completed my first coffee tasting at Starbucks, feeling enlightened!",CarnivalDreamer,Facebook,#Starbucks,24,48,Australia,2018,8,22,17
"Neutral: Considering trying out Starbucks' new pastry, anyone have recommendations?",SkyArtist,Twitter,#Starbucks,18,36,India,2021,12,8,14
Loving the aroma of my freshly brewed Starbucks coffee.,RiverNavigator,Instagram,#Starbucks,20,40,Canada,2019,4,27,9
Feeling disappointed with the lack of seating options at my local Starbucks.,LanternWanderer,Facebook,#Starbucks,16,32,USA,2023,9,3,21
Starbucks' commitment to community outreach is commendable.,DreamSoarer,Twitter,#Starbucks,22,44,UK,2020,6,10,10
Can't wait to try the new Starbucks holiday drink lineup.,SunsetAdmirer,Instagram,#Starbucks,19,38,Australia,2022,4,1,18
Disappointed with the lack of response from Starbucks regarding my feedback.,DanceStrider,Facebook,#Starbucks,23,46,Canada,2021,1,15,13
Loving the festive decorations at my local Starbucks store.,WindWhisperer,Twitter,#Starbucks,15,30,India,2023,5,6,7
Feeling disappointed with the lack of variety in Starbucks' food options.,JugglingArtist,Instagram,#Starbucks,25,50,USA,2019,11,18,15
Excited to try out the new Starbucks cold brew flavors.,StarStoryteller,Facebook,#Starbucks,14,28,UK,2020,8,29,20
Wondering if Starbucks will ever release a line of sustainable to-go cups.,WaveNavigator,Twitter,#Starbucks,17,34,Australia,2022,10,30,11
Feeling proud to support a brand like Starbucks that prioritizes employee benefits.,RainNurturer,Instagram,#Starbucks,21,42,Canada,2021,7,1,12
Can't wait to try the new Starbucks Reserve blend.,PeakConqueror,Twitter,#Starbucks,23,46,USA,2020,1,5,8
Disappointed with the inconsistency in drink quality across different Starbucks locations.,DawnGardener,Instagram,#Starbucks,14,28,UK,2022,7,17,6
"My Starbucks app makes ordering so convenient, love the mobile payment option.",CarnivalDreamer,Facebook,#Starbucks,24,48,Australia,2018,8,22,17
"Just received my Starbucks order, everything looks perfect!",SkyArtist,Twitter,#Starbucks,18,36,India,2021,12,8,14
Starbucks' dedication to providing a welcoming atmosphere is unmatched.,RiverNavigator,Instagram,#Starbucks,20,40,Canada,2019,4,27,9
"Just completed my first coffee brewing class at Starbucks, feeling like a pro!",LanternWanderer,Facebook,#Starbucks,16,32,USA,2023,9,3,21
"Neutral: Considering trying out Starbucks' new sandwich, anyone have recommendations?",DreamSoarer,Twitter,#Starbucks,22,44,UK,2020,6,10,10
Loving the taste of my customized Starbucks Frappuccino.,SunsetAdmirer,Instagram,#Starbucks,19,38,Australia,2022,4,1,18
Feeling disappointed with the lack of seasonal drinks at Starbucks.,DanceStrider,Facebook,#Starbucks,23,46,Canada,2021,1,15,13
Starbucks' commitment to sustainable sourcing of coffee beans is admirable.,WindWhisperer,Twitter,#Starbucks,15,30,India,2023,5,6,7
Can't wait to try the new Starbucks pastry selection.,JugglingArtist,Instagram,#Starbucks,25,50,USA,2019,11,18,15
Disappointed with the lack of cleanliness at my local Starbucks store.,StarStoryteller,Facebook,#Starbucks,14,28,UK,2020,8,29,20
Loving the convenience of the Starbucks drive-thru.,WaveNavigator,Twitter,#Starbucks,17,34,Australia,2022,10,30,11
Feeling disappointed with the lack of options in Starbucks' dessert menu.,RainNurturer,Instagram,#Starbucks,21,42,Canada,2021,7,1,12
Excited to try out the new Starbucks nitro cold brew.,PeakConqueror,Twitter,#Starbucks,23,46,USA,2020,1,5,8
Wondering if Starbucks will ever release a line of biodegradable cups.,DawnGardener,Instagram,#Starbucks,14,28,India,2022,7,17,6
Feeling proud to support a brand like Starbucks that champions diversity and inclusion.,CarnivalDreamer,Facebook,#Starbucks,24,48,Australia,2018,8,22,17
Can't wait to try the new Starbucks holiday blend.,ShatteredHeart,Instagram,#Starbucks,8,16,Canada,2021,9,15,16
Disappointed with the lack of communication from Starbucks regarding store closures.,VenomousSoul,Facebook,#Starbucks,12,24,UK,2019,3,8,14
"Loving the atmosphere at my local Starbucks, perfect for studying.",DesertWanderer,Twitter,#Starbucks,15,30,USA,2017,7,20,11
Feeling disappointed with the lack of consistency in Starbucks' drink sizes.,ColdEmbrace,Instagram,#Starbucks,10,20,Australia,2020,11,2,19
Starbucks' commitment to supporting coffee farmers is commendable.,NightPrisoner,Facebook,#Starbucks,18,36,India,2022,5,12,2
"Just received my Starbucks order, everything looks perfect!",TightropeWalker,Twitter,#Starbucks,14,28,UK,2023,4,8,13
Starbucks' dedication to providing a premium coffee experience is evident.,AtlasBearer,Instagram,#Starbucks,22,44,Canada,2021,6,25,17
"Just completed my first latte art class at Starbucks, feeling creative!",GreenMonster,Facebook,#Starbucks,16,32,USA,2019,8,30,10
"Neutral: Considering trying out Starbucks' new salad, anyone have recommendations?",StormSurvivor,Twitter,#Starbucks,25,50,Australia,2022,8,3,15
Loving the taste of my freshly brewed Starbucks espresso.,PuzzleComposer,Instagram,#Starbucks,12,24,India,2020,12,17,9
Feeling disappointed with the lack of seasonal merchandise at Starbucks.,GildedHeartache,Facebook,#Starbucks,20,40,USA,2021,2,28,22
Starbucks' commitment to reducing waste with reusable cups is admirable.,IndifferentFort,Twitter,#Starbucks,14,28,UK,2018,5,10,14
Can't wait to try the new Starbucks breakfast sandwich.,DreamMosaic,Instagram,#Starbucks,15,30,Canada,2022,1,7,11
Disappointed with the lack of cleanliness at my local Starbucks restroom.,NocturnalEcho,Facebook,#Starbucks,18,36,Australia,2019,9,19,3
Loving the friendly service at my regular Starbucks location.,DarkWhispers,Twitter,#Starbucks,13,26,UK,2023,7,14,23
Feeling disappointed with the lack of healthy food options at Starbucks.,LingeringTaste,Instagram,#Starbucks,10,20,India,2020,4,5,16
Excited to try out the new Starbucks tea flavors,TempestSurvivor,Facebook,#Starbucks,20,40,USA,2021,11,29,8
Loving the taste of my freshly brewed Starbucks espresso.,VenomousHeart,Twitter,#Starbucks,16,32,Australia,2019,12,12,17
Feeling disappointed with the lack of seasonal merchandise at Starbucks.,FragileTrust,Instagram,#Starbucks,25,50,Canada,2022,5,20,14
Starbucks' commitment to reducing waste with reusable cups is admirable.,BrokenThreads,Facebook,#Starbucks,14,28,UK,2020,9,3,12
Can't wait to try the new Starbucks breakfast sandwich.,SuccessPill,Twitter,#Starbucks,20,40,USA,2021,2,10,19
Disappointed with the lack of cleanliness at my local Starbucks restroom.,CurtainShield,Instagram,#Starbucks,12,24,Australia,2018,8,18,14
Loving the friendly service at my regular Starbucks location.,FoggyLabyrinth,Facebook,#Starbucks,8,16,Canada,2022,2,28,21
Feeling disappointed with the lack of healthy food options at Starbucks.,IcyResentment,Twitter,#Starbucks,15,30,UK,2019,10,15,10
Excited to try out the new Starbucks tea flavors.,SolitaryMoon,Instagram,#Starbucks,18,36,USA,2017,12,1,18
Enjoying the creamy texture of my customized Starbucks Frappuccino.,VanishedSunset,Facebook,#Starbucks,10,20,Australia,2020,4,18,16
Feeling disappointed with the lack of seasonal offerings at Starbucks.,NightPrisoner,Twitter,#Starbucks,18,36,India,2023,1,7,3
Starbucks' commitment to ethically sourced coffee beans is admirable.,WindWhisperer,Instagram,#Starbucks,14,28,Canada,2021,6,10,10
Can't wait to indulge in the new Starbucks dessert offerings.,MazeExplorer,Facebook,#Starbucks,22,44,USA,2020,2,22,15
Disappointed with the cleanliness of the restroom at my local Starbucks.,WoundedGarden,Twitter,#Starbucks,16,32,UK,2018,3,17,14
Loving the convenience of the Starbucks drive-thru.,RuinedHeart,Instagram,#Starbucks,25,50,Australia,2022,10,28,11
Feeling disappointed with the lack of healthy snack options at Starbucks.,KnotUntangler,Facebook,#Starbucks,14,28,India,2020,11,1,12
Excited to try out the new Starbucks tea flavors.,ElusiveKeys,Twitter,#Starbucks,20,40,USA,2021,1,15,22
Wondering if Starbucks will introduce a line of reusable to-go cups.,IndifferentFort,Instagram,#Starbucks,12,24,Australia,2018,8,18,14
Feeling proud to support Starbucks' initiatives in supporting coffee-growing communities.,DreamMosaic,Twitter,#Starbucks,15,30,Canada,2022,1,7,11
Can't wait to enjoy a cup of the seasonal Starbucks holiday blend.,NocturnalEcho,Facebook,#Starbucks,18,36,Australia,2019,9,19,3
Disappointed with the lack of communication from Starbucks regarding menu changes.,NatureAdmirer,Instagram,#Starbucks,28,55,USA,2022,4,3,6
Loving the relaxed atmosphere at my neighborhood Starbucks.,GoalPursuer,Twitter,#Starbucks,15,30,Canada,2023,10,12,10
Enjoying a delicious Nestlé chocolate bar as an afternoon treat.,MemoryLane,Facebook,#Nestle,22,45,UK,2019,6,28,19
"Disappointed with Nestlé's environmental track record, need to do better.",CultureEnthusiast,Instagram,#Nestle,40,80,India,2020,9,15,14
Looking forward to trying out the new flavors from Nestlé's ice cream range.,RainWatcher,Twitter,#Nestle,18,35,Australia,2017,11,8,21
Nestlé's prices seem to be more affordable compared to other brands.,PersonalJourney,Facebook,#Nestle,25,50,USA,2021,5,20,17
Nestlé's collaboration with [chef/celebrity/brand] is intriguing.,VacationDreamer,Instagram,#Nestle,30,60,France,2023,1,10,12
Loving the nostalgic taste of Nestlé's classic candies.,LifeLearner,Twitter,#Nestle,35,70,Brazil,2018,12,5,8
"My pantry is always stocked with Nestlé products, great for snacks.",FarewellSender,Instagram,#Nestle,20,40,Japan,2020,3,15,18
"Just joined the Nestlé loyalty program, excited for the rewards.",HistoryExplorer,Facebook,#Nestle,18,35,Greece,2016,8,22,15
Wondering if Nestlé offers any organic options in their product range.,CraftEnthusiast,Instagram,#Nestle,25,50,USA,2019,8,20,16
Excited to try out the new Nestlé coffee pods with different flavors.,WinterLover,Twitter,#Nestle,18,35,Canada,2021,12,8,19
"Considering trying out Nestlé's new breakfast cereals, anyone have recommendations?",SunsetWatcher,Instagram,#Nestle,30,60,UK,2020,6,10,20
"Received my Nestlé order with damaged items, disappointed with the packaging.",FitnessJunkie,Facebook,#Nestle,40,80,Australia,2022,2,28,7
Nestlé's commitment to sustainable sourcing of ingredients is commendable.,CoffeeLover,Twitter,#Nestle,22,45,India,2017,4,15,8
Can't wait to indulge in my favorite Nestlé chocolate treat.,HikingExplorer,Instagram,#Nestle,35,70,USA,2018,9,5,14
Disappointed with the lack of variety in Nestlé's dairy-free options.,KittyObserver,Facebook,#Nestle,15,30,Canada,2022,10,22,12
"My Nestlé mug keeps my beverages warm for longer, love it!",Stargazer,Twitter,#Nestle,28,55,UK,2016,7,2,23
Just ordered a custom Nestlé gift basket for a friend's birthday.,FriendshipRenewal,Instagram,#Nestle,20,40,India,2020,11,18,17
Excited to attend the Nestlé cooking class next weekend.,CelebrationPlanner,Facebook,#Nestle,30,60,Australia,2023,3,5,15
Wondering if Nestlé will ever release a line of compostable packaging.,DIYEnthusiast,Twitter,#Nestle,25,50,USA,2015,12,1,11
Feeling proud to support Nestlé's efforts in providing clean water globally.,CommunityHelper,Instagram,#Nestle,18,35,UK,2021,9,10,9
Loving the sleek design of my new Nestlé water bottle.,GardenEnthusiast,Facebook,#Nestle,22,45,Canada,2018,5,12,14
"My Nestlé customer service experience was exceptional, great job!",Wanderlust,Twitter,#Nestle,40,80,India,2022,7,25,10
"Just received my Nestlé order, everything looks perfect!",GrowthSeeker,Instagram,#Nestle,35,70,USA,2019,3,8,18
Nestlé's dedication to innovation in food technology is impressive.,ChildhoodMemories,Facebook,#Nestle,20,40,Australia,2017,1,28,21
"Just attended a chocolate tasting event hosted by Nestlé, so delicious!",CultureExplorer,Twitter,#Nestle,28,55,UK,2016,11,14,13
Enjoying the rich aroma of my freshly brewed Nestlé coffee.,PublicSpeaker,Instagram,#Nestle,15,30,USA,2020,4,2,17
Feeling disappointed with the lack of availability of Nestlé products in my area.,FamilyCelebration,Facebook,#Nestle,25,50,Canada,2023,1,15,19
Nestlé's involvement in local community projects is commendable.,LifelongLearner,Twitter,#Nestle,30,60,India,2018,8,7,12
Can't wait to try the new Nestlé holiday chocolate collection.,CityExplorer,Instagram,#Nestle,18,35,UK,2019,10,18,16
Disappointed with the slow response time from Nestlé's customer service.,FitnessAchiever,Facebook,#Nestle,22,45,Australia,2022,6,30,7
Loving the festive packaging of Nestlé's seasonal treats.,RainbowChaser,Twitter,#Nestle,35,70,USA,2017,6,12,18
Feeling disappointed with the lack of healthy snack options from Nestlé.,FutureOptimist,Instagram,#Nestle,20,40,Canada,2021,7,5,9
Excited to try out the new Nestlé protein bars.,CareerAchiever,Facebook,#Nestle,28,55,UK,2016,4,15,14
Wondering if Nestlé will ever introduce a line of biodegradable packaging.,SunnyDayEnthusiast,Twitter,#Nestle,15,30,India,2020,2,10,11
Feeling proud to support Nestlé's initiatives in providing nutrition education.,Bookworm,Instagram,#Nestle,40,80,USA,2018,9,22,16
Can't wait to enjoy a cup of Nestlé hot cocoa on a cold day.,ArchaeologyEnthusiast,Facebook,#Nestle,18,35,Australia,2015,11,8,10
Disappointed with the inconsistency in taste across different Nestlé products.,NightSkyObserver,Instagram,#Nestle,25,50,Brazil,2022,8,10,22
"My Nestlé app makes shopping for groceries so convenient, love the deals!",ArtConnoisseur,Twitter,#Nestle,18,35,France,2019,4,5,17
"Just received my Nestlé order, everything looks perfect!",PlayfulParent,Facebook,#Nestle,22,45,Japan,2020,12,15,15
Nestlé's commitment to providing nutritious food options is commendable.,ZenSeeker,Instagram,#Nestle,35,70,Canada,2017,10,20,8
"Just completed my first cooking class at the Nestlé culinary school, feeling accomplished!",SkyDreamer,Twitter,#Nestle,30,60,Australia,2021,2,28,13
Enjoying the creamy texture of my favorite Nestlé ice cream flavor.,DanceEnthusiast,Facebook,#Nestle,28,55,UK,2018,6,12,20
Feeling disappointed with the lack of seasonal offerings from Nestlé.,FairyTaleExplorer,Instagram,#Nestle,20,40,USA,2016,3,8,14
Nestlé's dedication to sustainable sourcing of ingredients is commendable.,RuinsExplorer,Twitter,#Nestle,18,35,Greece,2023,4,18,17
Can't wait to try the new Nestlé dessert creations.,RollercoasterFan,Facebook,#Nestle,22,45,Germany,2020,7,25,12
Disappointed with the cleanliness of the Nestlé café I visited.,MusicHarmonist,Instagram,#Nestle,35,70,Sweden,2019,11,30,19
Loving the convenience of the Nestlé online store.,StudioArtist,Twitter,#Nestle,15,30,Italy,2015,9,1,16
Feeling disappointed with the lack of options in Nestlé's gluten-free range.,SpringEnthusiast,Facebook,#Nestle,25,50,Netherlands,2022,5,5,10
Excited to try out the new Nestlé chocolate-covered snacks.,CosmosExplorer,Instagram,#Nestle,40,80,South Africa,2018,7,8,23
Wondering if Nestlé will ever introduce a line of recyclable packaging.,SeaBreezeLover,Twitter,#Nestle,18,35,Spain,2021,9,20,14
Feeling proud to support Nestlé's initiatives in providing nutrition education.,ForestDreamer,Facebook,#Nestle,28,55,Portugal,2016,11,15,11
Can't wait to enjoy a cup of Nestlé hot cocoa on a cold day.,WinterWarmth,Instagram,#Nestle,30,60,Switzerland,2020,1,12,18
Disappointed with the inconsistency in taste across different Nestlé products.,FamilyGatherer,Facebook,#Nestle,22,45,Austria,2017,12,28,19
"My Nestlé app makes shopping for groceries so convenient, love the deals!",CulinaryExplorer,Twitter,#Nestle,35,70,Belgium,2019,3,2,20
"Just received my Nestlé order, everything looks perfect!",PuzzleSolver,Instagram,#Nestle,20,40,Denmark,2022,6,8,15
Nestlé's commitment to providing nutritious food options is commendable.,CathedralVisitor,Facebook,#Nestle,18,35,Czech Republic,2018,8,18,14
"Just completed my first cooking class at the Nestlé culinary school, feeling accomplished!",NightSkyObserver,Instagram,#Nestle,25,50,Brazil,2022,8,10,22
"Considering trying out Nestlé's new frozen meal, anyone have recommendations?",MusicLover,Twitter,#Nestle,18,35,France,2019,4,5,17
Enjoying the creamy texture of my favorite Nestlé ice cream flavor.,CarnivalGoer,Facebook,#Nestle,22,45,Japan,2020,12,15,15
Feeling disappointed with the lack of seasonal offerings from Nestlé.,MindfulExplorer,Instagram,#Nestle,35,70,Canada,2017,10,20,8
Nestlé's dedication to sustainable sourcing of ingredients is commendable.,CoastalExplorer,Twitter,#Nestle,30,60,Australia,2021,2,28,13
Can't wait to try the new Nestlé dessert creations.,MasqueradeAttendee,Facebook,#Nestle,28,55,UK,2018,6,12,20
Disappointed with the cleanliness of the Nestlé café I visited.,FairyTaleAdventurer,Instagram,#Nestle,20,40,USA,2016,3,8,14
Loving the convenience of the Nestlé online store.,RuinsExplorer,Twitter,#Nestle,18,35,Greece,2023,4,18,17
Feeling disappointed with the lack of options in Nestlé's gluten-free range.,ThrillSeeker,Facebook,#Nestle,22,45,Germany,2020,7,25,12
Excited to try out the new Nestlé chocolate-covered snacks.,MusicHarmonist,Instagram,#Nestle,35,70,Sweden,2019,11,30,19
Wondering if Nestlé will ever introduce a line of recyclable packaging.,StudioArtist,Twitter,#Nestle,15,30,Italy,2015,9,1,16
Feeling proud to support Nestlé's initiatives in providing nutrition education.,SpringEnthusiast,Facebook,#Nestle,25,50,Netherlands,2022,5,5,10
Nestlé's chocolate chip cookies are the ultimate comfort food.,CosmosExplorer,Instagram,#Nestle,40,80,South Africa,2018,7,8,23
Disappointed with Nestlé's lack of transparency in sourcing ingredients.,SeaBreezeLover,Twitter,#Nestle,18,35,Spain,2021,9,20,14
Excited to try the limited-edition flavors from Nestlé's candy lineup.,ForestDreamer,Facebook,#Nestle,28,55,Portugal,2016,11,15,11
Nestlé's prices are competitive and budget-friendly.,WinterWarmth,Instagram,#Nestle,30,60,Switzerland,2020,1,12,18
Nestlé's partnership with [celebrity/brand] is exciting.,FamilyGatherer,Facebook,#Nestle,22,45,Austria,2017,12,28,19
Loving the variety of flavors in Nestlé's snack bars.,CulinaryExplorer,Twitter,#Nestle,35,70,Belgium,2019,3,2,20
Nestlé's commitment to sustainability shines through in their packaging.,PuzzleSolver,Instagram,#Nestle,20,40,Denmark,2022,6,8,15
"Just enrolled in Nestlé's loyalty program, looking forward to the perks.",CathedralVisitor,Facebook,#Nestle,18,35,Czech Republic,2018,8,18,14
Wondering if Nestlé has any options for those with food allergies.,ArchaeologyEnthusiast,Instagram,#Nestle,18,35,Australia,2015,11,8,10
Excited to sample the new Nestlé coffee blends.,SnowfallEnthusiast,Twitter,#Nestle,22,45,Canada,2020,12,2,17
"Considering trying out Nestlé's new cooking sauces, any recommendations?",BreadLover,Instagram,#Nestle,28,55,France,2017,6,10,12
"Received my Nestlé order, but some items were expired, disappointed with quality control.",NatureResilient,Facebook,#Nestle,35,70,USA,2021,4,15,14
Impressed by Nestlé's efforts to reduce plastic waste in their packaging.,Bookworm,Twitter,#Nestle,20,40,UK,2019,9,28,19
Nestlé's hot chocolate is my go-to on chilly evenings.,FamilyHistorian,Instagram,#Nestle,25,50,India,2016,12,5,21
Disappointed with the lack of vegan options in Nestlé's product range.,NightSkyWatcher,Facebook,#Nestle,30,60,Australia,2018,2,10,23
"My Nestlé travel mug is durable and leak-proof, perfect for on-the-go.",TeaEnthusiast,Twitter,#Nestle,18,35,Japan,2023,2,15,8
Just placed a customized Nestlé chocolate gift basket order for a friend's birthday.,MarketExplorer,Instagram,#Nestle,22,45,Brazil,2015,8,22,15
Excited to attend Nestlé's virtual cooking class next week.,LakesideRetreater,Facebook,#Nestle,28,55,Germany,2020,11,20,18
Wondering if Nestlé will introduce plant-based alternatives to their products.,LostInLove,Instagram,#Nestle,15,30,USA,2019,8,5,21
Feeling proud to support Nestlé's initiatives in water conservation.,SolitudeSeeker,Twitter,#Nestle,18,35,Canada,2021,2,12,16
Loving the sleek design of Nestlé's reusable water bottles.,FriendshipsEnd,Facebook,#Nestle,22,45,UK,2020,11,28,14
Nestlé's customer service team resolved my issue promptly and courteously.,LostInDarkness,Instagram,#Nestle,28,55,Australia,2016,5,15,22
"Just received my Nestlé order, everything arrived intact and well-packaged.",BrokenTrust,Twitter,#Nestle,22,45,Germany,2018,9,10,13
Nestlé's commitment to developing innovative food products is admirable.,SilentSufferer,Facebook,#Nestle,25,50,Brazil,2022,3,20,19
"Just completed a Nestlé-sponsored cooking workshop, learned some great tips!",StormyFeelings,Instagram,#Nestle,30,60,India,2017,7,18,17
"Just subscribed to Maxis Malaysia's high-speed internet plan, blazing fast!",LingeringGhost,Twitter,#Maxis,18,35,Malaysia,2018,12,15,10
Disappointed with Maxis Malaysia's customer service response time.,EchoesOfLoss,Facebook,#Maxis,28,55,Malaysia,2015,6,28,21
Excited to explore the latest mobile phone deals from Maxis Malaysia.,WinterOfEmotions,Instagram,#Maxis,35,70,Malaysia,2020,4,2,14
Maxis Malaysia's data packages are affordable and offer great value.,ShatteredHopes,Twitter,#Maxis,20,40,Malaysia,2019,10,8,18
Maxis Malaysia's collaboration with [local artist/brand] is fantastic.,AbyssOfTime,Facebook,#Maxis,22,45,Malaysia,2016,11,22,9
Loving the seamless connectivity with Maxis Malaysia's network.,SolitaryDescent,Instagram,#Maxis,40,80,Malaysia,2022,8,18,22
My Maxis Malaysia SIM card works like a charm even in remote areas.,SerenadeOfSolitude,Twitter,#Maxis,18,35,Malaysia,2017,3,12,23
Just upgraded my Maxis Malaysia plan to enjoy more benefits.,PoisonedHeart,Facebook,#Maxis,25,50,Malaysia,2015,12,15,16
Wondering if Maxis Malaysia offers any family data-sharing plans.,WearySoulCrushed,Instagram,#Maxis,35,70,Malaysia,2021,9,5,13
Excited to try out Maxis Malaysia's new streaming service.,StringsOfSorrow,Twitter,#Maxis,18,35,Malaysia,2018,5,22,20
Considering switching to Maxis Malaysia for their attractive postpaid plans.,SoulInShadow,Facebook,#Maxis,28,55,Malaysia,2016,7,10,18
"Received my Maxis Malaysia bill and noticed unexpected charges, disappointed.",WhisperedDespair,Instagram,#Maxis,22,45,Malaysia,2019,4,30,14
Impressed by Maxis Malaysia's efforts to expand coverage in rural areas.,DreamsInWind,Twitter,#Maxis,20,40,Malaysia,2022,1,8,11
Maxis Malaysia's commitment to customer privacy is commendable.,DreamEchoes,Twitter,#Maxis,20,40,Malaysia,2017,9,10,19
Can't wait to experience the lightning-fast speeds of Maxis Malaysia's 5G network.,RemorseWalker,Instagram,#Maxis,25,50,Malaysia,2022,4,18,11
Disappointed with the network coverage in some areas by Maxis Malaysia.,JoyLabyrinth,Facebook,#Maxis,18,35,Malaysia,2018,12,5,21
My Maxis Malaysia app makes managing my account so convenient.,SolitudeSeas,Twitter,#Maxis,22,45,Malaysia,2016,6,28,14
Just received excellent assistance from Maxis Malaysia's customer support team.,PalateStainer,Instagram,#Maxis,15,30,Malaysia,2019,10,22,17
Maxis Malaysia's network reliability during emergencies is reassuring.,HopeRuins,Facebook,#Maxis,28,55,Malaysia,2021,3,15,22
Feeling frustrated with the frequent service interruptions by Maxis Malaysia.,OceanSinker,Twitter,#Maxis,22,45,Malaysia,2017,8,10,19
Loving the exclusive perks for Maxis Malaysia subscribers.,InkJournalist,Instagram,#Maxis,30,60,Malaysia,2023,1,28,14
Maxis Malaysia's mobile plans cater to all types of users.,TrustWasteland,Facebook,#Maxis,25,50,Malaysia,2016,12,12,10
"Just signed up for Maxis Malaysia's loyalty program, excited for the rewards.",DreamTightrope,Twitter,#Maxis,35,70,Malaysia,2020,7,18,15
Considering upgrading my device with Maxis Malaysia's installment plans.,EchoedLaughter,Instagram,#Maxis,30,60,Malaysia,2022,5,20,20
"Received my Maxis Malaysia device upgrade, but it's not what I expected, disappointed.",PossibilityGhost,Twitter,#Maxis,18,35,Malaysia,2019,11,8,14
Impressed by Maxis Malaysia's investment in 5G infrastructure.,EndlessLabyrinth,Facebook,#Maxis,28,55,Malaysia,2017,3,28,22
Maxis Malaysia's commitment to digital innovation is impressive.,RiverOfSorrow,Instagram,#Maxis,22,45,Malaysia,2020,9,15,18
Can't wait to try out the new features on Maxis Malaysia's app.,DreamGardener,Twitter,#Maxis,20,40,Malaysia,2018,6,10,13
Disappointed with the lack of transparency in Maxis Malaysia's billing.,CurrencyOfTears,Facebook,#Maxis,25,50,Malaysia,2016,12,22,21
Wondering if Maxis Malaysia will introduce unlimited data plans.,MazeWanderer,Instagram,#Maxis,15,30,Malaysia,2021,1,5,16
Feeling frustrated with the poor signal strength in certain buildings with Maxis Malaysia.,StormSeeker,Twitter,#Maxis,22,45,Malaysia,2019,4,18,11
Loving the variety of entertainment options included in Maxis Malaysia's plans.,TapestrySorrow,Facebook,#Maxis,18,35,Malaysia,2017,8,28,19
"Just received my Maxis Malaysia bill, the charges are confusing, need clarification.",WitheredRose,Instagram,#Maxis,28,55,Malaysia,2023,2,10,14
Maxis Malaysia's efforts in supporting community initiatives are commendable.,LoveSongEcho,Instagram,#Maxis,30,60,Malaysia,2022,7,10,22
Excited to attend the Maxis Malaysia virtual event next week.,MoonlitMemories,Twitter,#Maxis,18,35,Malaysia,2019,5,15,21
Considering switching to Maxis Malaysia for their superior customer service.,SymphonyOfTears,Facebook,#Maxis,22,45,Malaysia,2018,11,28,14
Received exceptional service from Maxis Malaysia's technical support team.,VenomousGarden,Instagram,#Maxis,25,50,Malaysia,2021,3,2,17
Maxis Malaysia's commitment to reducing carbon footprint is commendable.,QuicksandFighter,Twitter,#Maxis,20,40,Malaysia,2016,10,18,19
Can't wait to explore the benefits of Maxis Malaysia's new loyalty program.,DreamCemetery,Facebook,#Maxis,28,55,Malaysia,2020,8,15,12
Disappointed with the lack of network optimization in crowded areas by Maxis Malaysia.,RegretRiver,Instagram,#Maxis,18,35,Malaysia,2017,4,28,16
My Maxis Malaysia prepaid plan offers flexibility and affordability.,HeartAttic,Twitter,#Maxis,22,45,Malaysia,2019,9,10,21
"Just received my Maxis Malaysia SIM card, activation was quick and easy.",PromiseGallery,Facebook,#Maxis,15,30,Malaysia,2022,1,28,13
Disappointed with the frequent network outages experienced with Maxis Malaysia.,EchoedConversation,Instagram,#Maxis,30,60,Malaysia,2016,6,15,22
Excited to discover Maxis Malaysia's latest smartphone deals and promotions.,SunshineDancer,Instagram,#Maxis,40,80,Malaysia,2021,8,20,15
Impressed by Maxis Malaysia's affordable data plans compared to other providers.,EchoedLaughter,Twitter,#Maxis,35,70,Malaysia,2018,4,12,18
Maxis Malaysia's partnership with [local celebrity/brand] is innovative.,GardenOfJoy,Facebook,#Maxis,25,50,Malaysia,2022,2,15,12
Loving the reliable connectivity provided by Maxis Malaysia's network.,DreamChaser,Instagram,#Maxis,30,60,Malaysia,2019,10,28,14
"My Maxis Malaysia mobile data never lets me down, even in remote areas.",StarSerenader,Twitter,#Maxis,22,45,Malaysia,2017,12,22,21
Just upgraded to a better Maxis Malaysia plan for enhanced benefits.,GlowAchiever,Facebook,#Maxis,28,55,Malaysia,2020,6,10,17
Wondering if Maxis Malaysia offers any special discounts for loyal customers.,DanceHarmony,Instagram,#Maxis,18,35,Malaysia,2016,9,18,19
Excited to explore the range of entertainment options available with Maxis Malaysia.,LaughterCup,Twitter,#Maxis,20,40,Malaysia,2023,3,10,14
Considering switching to Maxis Malaysia for their competitive postpaid plans.,QuiltedCompassion,Facebook,#Maxis,25,50,Malaysia,2019,5,5,12
"Received my Maxis Malaysia bill and noticed unexpected charges, need clarification.",FriendshipGarden,Instagram,#Maxis,30,60,Malaysia,2018,8,28,16
Impressed by Maxis Malaysia's efforts to improve network coverage in rural areas.,MelodyOfLove,Twitter,#Maxis,35,70,Malaysia,2022,11,15,20
Maxis Malaysia's commitment to safeguarding customer privacy is commendable.,ColorfulLaughter,Instagram,#Maxis,40,80,Malaysia,2019,7,2,17
Can't wait to experience the lightning-fast speeds of Maxis Malaysia's 5G network.,SymphonyFervor,Facebook,#Maxis,30,60,Malaysia,2021,4,18,14
Disappointed with the signal dropouts experienced with Maxis Malaysia's network.,WrappedDelight,Twitter,#Maxis,25,50,Malaysia,2023,2,5,19
My Maxis Malaysia app makes managing my account hassle-free.,MazeDiscovery,Instagram,#Maxis,22,45,Malaysia,2018,9,22,12
Just received excellent assistance from Maxis Malaysia's customer service team.,CloudsOfBlessings,Facebook,#Maxis,28,55,Malaysia,2016,12,10,21
Maxis Malaysia's network reliability during emergencies is reassuring.,CometCreativity,Twitter,#Maxis,18,35,Malaysia,2020,5,28,16
Feeling frustrated with the slow internet speeds provided by Maxis Malaysia.,FireworksTriumph,Instagram,#Maxis,22,45,Malaysia,2017,11,15,22
Loving the exclusive perks offered to Maxis Malaysia subscribers.,LaughterSymphony,Facebook,#Maxis,30,60,Malaysia,2021,8,2,19
Maxis Malaysia's mobile plans cater to diverse user needs.,EmotionCarnival,Instagram,#Maxis,35,70,Malaysia,2019,3,28,15
"Just signed up for Maxis Malaysia's loyalty program, excited for the rewards.",ParisDreamer,Twitter,#Maxis,28,55,Malaysia,2018,5,12,17
Considering upgrading my device with Maxis Malaysia's affordable installment plans.,DisneylandExplorer,Instagram,#Maxis,30,60,Malaysia,2022,9,28,15
"Received my Maxis Malaysia device upgrade, but it's not functioning properly, disappointed.",FerrariSpeedster,Facebook,#Maxis,22,45,Malaysia,2019,11,10,14
Impressed by Maxis Malaysia's investment in expanding 5G coverage nationwide.,KeukenhofAdventurer,Instagram,#Maxis,35,70,Malaysia,2021,4,2,18
Maxis Malaysia's dedication to digital innovation is impressive.,KyotoAdventurer,Twitter,#Maxis,18,35,Malaysia,2017,8,22,21
Can't wait to explore the new features on Maxis Malaysia's app.,CanyonMarveler,Instagram,#Maxis,25,50,Malaysia,2020,6,15,16
Disappointed with the lack of transparency in Maxis Malaysia's billing practices.,SantoriniTraveler,Facebook,#Maxis,22,45,Malaysia,2016,9,10,19
Wondering if Maxis Malaysia will introduce unlimited data plans in the future.,PetraExplorer,Twitter,#Maxis,30,60,Malaysia,2023,1,28,13
Feeling frustrated with the inconsistent signal strength provided by Maxis Malaysia.,VeniceRomantic,Instagram,#Maxis,20,40,Malaysia,2019,4,18,16
Loving the diverse range of entertainment content included in Maxis Malaysia's plans.,MachuPicchuAdventurer,Facebook,#Maxis,28,55,Malaysia,2017,11,5,22
"Just received my Maxis Malaysia bill, but the charges seem inaccurate, need clarification.",TimesSquareExplorer,Instagram,#Maxis,35,70,Malaysia,2022,7,20,21
Maxis Malaysia's support for community initiatives is admirable.,ColosseumAdventurer,Twitter,#Maxis,25,50,Malaysia,2018,3,15,17
Excited to participate in the upcoming Maxis Malaysia virtual event.,MaldivesSailor,Facebook,#Maxis,22,45,Malaysia,2019,10,28,14
Considering switching to Maxis Malaysia for their renowned customer service.,AmazonExplorer,Instagram,#Maxis,30,60,Malaysia,2021,6,10,16
Received exceptional assistance from Maxis Malaysia's technical support team.,GreatWallWalker,Twitter,#Maxis,18,35,Malaysia,2017,8,18,19
Maxis Malaysia's commitment to reducing environmental impact is commendable.,FujiSummitAchiever,Facebook,#Maxis,28,55,Malaysia,2020,4,15,5
Can't wait to reap the benefits of Maxis Malaysia's newly launched loyalty program.,AngkorWatAdventurer,Instagram,#Maxis,20,40,Malaysia,2016,11,22,13
Disappointed with the lack of network optimization in congested areas by Maxis Malaysia.,AlpsSkiAdventurer,Twitter,#Maxis,22,45,Malaysia,2019,1,10,14
My Maxis Malaysia prepaid plan offers flexibility and cost-effectiveness.,KyotoBambooSeeker,Facebook,#Maxis,25,50,Malaysia,2023,2,28,16
"Just received my order from Lazada, everything arrived on time and in perfect condition.",NorwayFjordExplorer,Instagram,#Lazada,22,45,Norway,2018,5,28,18
Disappointed with the poor customer service experience with Lazada.,AdeleConcertGoer,Instagram,#Lazada,40,80,USA,2022,9,15,20
Excited to explore the amazing deals on Lazada's online shopping platform.,BeyonceDancer,Twitter,#Lazada,35,70,USA,2019,7,28,21
Impressed by the wide range of products available on Lazada's website.,SwiftieDreamer,Facebook,#Lazada,30,60,USA,2021,5,10,19
Lazada's collaboration with [celebrity/brand] is innovative.,QueenTributeFan,Instagram,#Lazada,22,45,UK,2018,12,2,22
Loving the convenience of shopping from Lazada's mobile app.,SheeranMelodyLover,Twitter,#Lazada,18,35,UK,2020,8,18,19
"My Lazada purchases always exceed my expectations, great quality!",MarsJoyExplorer,Facebook,#Lazada,28,55,USA,2017,3,28,20
"Just signed up for Lazada's membership program, looking forward to the benefits.",MJTributeDancer,Instagram,#Lazada,25,50,USA,2022,1,15,21
Wondering if Lazada offers any special discounts for frequent shoppers.,SinatraCharmListener,Twitter,#Lazada,22,45,USA,2019,6,10,18
Excited to try out Lazada's new cashback rewards program.,MetallicaMoshWarrior,Facebook,#Lazada,35,70,USA,2023,3,20,22
Considering purchasing from Lazada for their competitive prices.,ColdplayHopeSeeker,Instagram,#Lazada,30,60,UK,2016,11,28,19
"Received my Lazada order, but some items were damaged, disappointed.",BieberDanceEnthusiast,Instagram,#Lazada,40,80,Canada,2018,8,5,20
Impressed by Lazada's efforts to enhance user experience on their platform.,GagaArtisticChameleon,Twitter,#Lazada,35,70,USA,2021,4,15,21
Lazada's commitment to secure payment methods is commendable.,AdeleMelodyTearjerker,Facebook,#Lazada,30,60,UK,2019,11,28,19
Can't wait to explore the latest promotions on Lazada's website.,KatyPerryColorExplosion,Instagram,#Lazada,22,45,USA,2020,6,22,22
Disappointed with the delayed delivery of my order from Lazada.,JayZEmpireListener,Twitter,#Lazada,18,35,USA,2017,9,10,20
My Lazada app makes shopping convenient with its user-friendly interface.,ShakiraHipsDancer,Facebook,#Lazada,28,55,Colombia,2022,2,28,21
Just received exceptional assistance from Lazada's customer support team.,U2ConnectionSeeker,Instagram,#Lazada,25,50,Ireland,2016,5,15,19
Lazada's reliability during peak shopping seasons is commendable.,GunsNRosesRiffRockstar,Twitter,#Lazada,22,45,USA,2018,12,10,22
Feeling frustrated with the limited product options available on Lazada.,ArianaEuphoriaChaser,Facebook,#Lazada,35,70,USA,2023,1,22,20
Loving the exclusive deals offered to Lazada's loyal customers.,MarleyReggaeTraveler,Instagram,#Lazada,30,60,Jamaica,2020,3,5,18
Lazada's diverse product range caters to all my needs.,MovieEnthusiastPremiereAttendee,Twitter,#Lazada,40,80,USA,2018,10,12,20
Just subscribed to Lazada's newsletter for updates on upcoming sales.,FilmLoverNostalgiaSeeker,Instagram,#Lazada,35,70,UK,2019,6,25,22
Considering upgrading my Lazada membership for additional perks.,WebSeriesViewerCharacterConnection,Facebook,#Lazada,30,60,Canada,2020,7,8,19
"Received my Lazada order, but some items were missing, disappointed.",IndieFilmmakerFestivalSuccess,Twitter,#Lazada,22,45,Australia,2017,9,18,21
Impressed by Lazada's investment in improving delivery infrastructure.,DramaEnthusiastHeartwarmingMoments,Instagram,#Lazada,28,55,India,2021,1,15,18
Lazada's dedication to enhancing customer satisfaction is evident.,AwardWinningActorOscarsRecipient,Facebook,#Lazada,18,35,USA,2016,2,28,20
Can't wait to take advantage of Lazada's upcoming flash sale.,DocumentaryEnthusiastHiddenGemFinder,Twitter,#Lazada,22,45,France,2022,4,20,17
Disappointed with the lack of transparency in Lazada's pricing.,FilmBuffContemplativeViewer,Instagram,#Lazada,28,55,Germany,2019,11,5,21
Wondering if Lazada will introduce faster delivery options in the future.,CrimeSeriesEnthusiastThrillSeeker,Facebook,#Lazada,35,70,Japan,2015,7,12,22
Feeling frustrated with the difficulties encountered while tracking my Lazada order.,FilmCriticSatisfactionSeeker,Twitter,#Lazada,22,45,Brazil,2020,9,10,19
Loving the convenience of Lazada's one-click checkout process.,FootballFanWorldCupCelebration,Instagram,#Lazada,40,80,Brazil,2018,7,15,21
"Just received my Lazada order, everything arrived in perfect condition.",OlympicsEnthusiastGoldMedalWinner,Twitter,#Lazada,35,70,USA,2020,8,8,19
Lazada's commitment to providing a seamless shopping experience is commendable.,CricketFanChampionshipThrills,Facebook,#Lazada,30,60,India,2019,6,25,22
"Just redeemed my Lazada voucher, great savings!",MarathonSpectatorRecordBreaking,Instagram,#Lazada,22,45,Kenya,2021,11,7,17
Considering recommending Lazada to friends and family for their shopping needs.,TennisEnthusiastGrandSlamDrama,Twitter,#Lazada,28,55,UK,2017,9,10,20
"Received prompt assistance from Lazada's customer service team, impressed.",BasketballFanUnderdogTriumph,Facebook,#Lazada,18,35,USA,2022,6,20,21
Lazada's efforts in promoting sustainable packaging practices are commendable.,GolfEnthusiastPrecisionVictory,Instagram,#Lazada,22,45,Scotland,2016,4,10,18
Can't wait to explore Lazada's extensive range of electronics.,F1FanHighSpeedRaceExcitement,Twitter,#Lazada,28,55,Germany,2019,11,24,19
Disappointed with the lack of updates on the status of my Lazada order.,CyclingEnthusiastWorldChampion,Facebook,#Lazada,35,70,Italy,2015,9,28,22
My Lazada app makes browsing and shopping hassle-free.,HockeyFanComebackVictory,Instagram,#Lazada,22,45,Canada,2020,12,12,20
"Just received my Lazada order, everything arrived earlier than expected.",SoccerFanTeamDefeats,Twitter,#Lazada,40,80,Brazil,2019,11,2,18
Lazada's commitment to customer satisfaction sets them apart from competitors.,TennisEnthusiastUnexpectedSetback,Instagram,#Lazada,35,70,USA,2018,7,10,21
"Just discovered Lazada's exclusive deals section, amazing discounts!",BoxingFanChampionshipDefeat,Facebook,#Lazada,30,60,UK,2020,9,18,19
Wondering if Lazada will expand their product categories in the future.,CyclingEnthusiastTireBlowout,Twitter,#Lazada,22,45,France,2017,5,15,22
Feeling frustrated with the long response time from Lazada's customer support.,GymnasticsFanRoutineFall,Instagram,#Lazada,28,55,Japan,2021,4,5,20
Disappointed with the poor packaging of my Lazada delivery.,GolfEnthusiastMissedPutt,Facebook,#Lazada,18,35,USA,2016,8,20,18
Excited to browse through Lazada's daily flash sales for great deals.,BasketballFanTeamLosses,Twitter,#Lazada,22,45,Canada,2019,2,12,19
Impressed by the variety of brands available on Lazada's platform.,SwimmingEnthusiastRaceSetback,Instagram,#Lazada,28,55,Australia,2015,6,28,20
Lazada's collaboration with [influencer/brand] is intriguing.,WeightliftingFanFailedRecord,Facebook,#Lazada,35,70,Germany,2022,1,8,21
"Loving the convenience of Lazada's ""Buy Now, Pay Later"" option.",SoccerPlayerOwnGoalMoment,Twitter,#Lazada,22,45,Spain,2018,12,15,20
"My recent Lazada purchase exceeded my expectations, top-notch quality!",NatureEnthusiastSunsetWonder,Instagram,#Lazada,40,80,Canada,2021,7,10,19
"Just upgraded to Lazada Plus membership, looking forward to the benefits.",TravelEnthusiastRoadTripDiscovery,Twitter,#Lazada,35,70,USA,2019,9,28,20
Wondering if Lazada offers any exclusive discounts for app users.,UrbanExplorerCafeSolitude,Facebook,#Lazada,30,60,France,2022,3,15,18
Excited to explore Lazada's new feature for virtual try-ons.,ArtEnthusiastStreetArtExploration,Instagram,#Lazada,22,45,Brazil,2017,11,5,21
Considering shopping on Lazada for their hassle-free returns policy.,ScienceEnthusiastDiscoveryMoment,Twitter,#Lazada,28,55,Germany,2020,5,20,16
"Received my Lazada order, but it arrived later than expected, disappointed.",MusicLoverLiveOrchestraExperience,Facebook,#Lazada,18,35,UK,2016,8,22,19
Impressed by Lazada's commitment to reducing plastic waste in packaging.,HomeBakerDeliciousMemories,Instagram,#Lazada,22,45,India,2023,4,10,17
Lazada's dedication to customer privacy and security is commendable.,HistoryBuffMuseumExploration,Twitter,#Lazada,28,55,Italy,2015,12,18,18
Can't wait to take advantage of Lazada's upcoming mega sale event.,BookwormCaptivatingNovelEscape,Facebook,#Lazada,35,70,Japan,2021,10,8,20
Disappointed with the inaccurate product description on Lazada's website.,PhotographyEnthusiastMarketMoments,Instagram,#Lazada,22,45,Australia,2019,3,22,21
"My Lazada app makes online shopping a breeze, so intuitive to use!",DanceEnthusiastCityNightPerformance,Twitter,#Lazada,40,80,USA,2018,6,15,22
Just had a pleasant interaction with Lazada's customer service team.,FoodieMarketStreetFoodExploration,Instagram,#Lazada,35,70,Thailand,2019,8,28,19
Lazada's reliability during peak shopping seasons is impressive.,SnowLoverWinterEnthusiast,Facebook,#Lazada,30,60,Canada,2022,12,1,17
Feeling frustrated with the limited availability of products on Lazada.,MysteryBookwormSuspensefulRead,Twitter,#Lazada,22,45,UK,2017,4,10,21
Loving the exclusive perks offered to Lazada Gold members.,GardeningEnthusiastFlowerGarden,Instagram,#Lazada,28,55,Australia,2020,5,15,18
Lazada's diverse product range caters to all my needs and preferences.,AstronomyEnthusiastStargazing,Facebook,#Lazada,18,35,USA,2016,9,22,20
Just subscribed to Lazada's newsletter for early access to sales.,CoffeeLoverWritersRetreat,Twitter,#Lazada,22,45,France,2023,2,12,19
Considering upgrading my Lazada membership for additional benefits.,FashionEnthusiastDesignerShowcase,Instagram,#Lazada,28,55,Italy,2015,11,10,21
"Received my Lazada order, but some items were incorrect, disappointed.",SurfingEnthusiastWaveRider,Facebook,#Lazada,22,45,Brazil,2021,7,20,18
Impressed by Lazada's investment in improving delivery speed and accuracy.,HistoryExplorerAncientCityTour,Twitter,#Lazada,35,70,Greece,2019,4,18,20
Lazada's commitment to enhancing user experience is evident.,CrushAvoider,Twitter,#Lazada,15,30,USA,2023,5,20,19
Can't wait to snag some incredible deals during Lazada's upcoming promotion.,MovieBuff,Instagram,#Lazada,18,35,Canada,2023,5,21,21
Disappointed with the lack of transparency in Lazada's pricing policy.,SelfieAddict,Facebook,#Lazada,22,45,UK,2023,5,22,14
Wondering if Lazada will introduce a loyalty rewards program in the future.,AudioExplorer,Twitter,#Lazada,20,40,USA,2023,5,23,16
Feeling frustrated with the difficulty of finding specific items on Lazada.,MemeCreator,Instagram,#Lazada,25,50,Canada,2023,5,24,13
Loving the seamless checkout process on Lazada's website.,FashionBlunder,Facebook,#Lazada,20,40,USA,2023,5,25,19
"Just received my Lazada order, everything arrived in perfect condition.",GroupGenius,Twitter,#Lazada,28,55,UK,2023,5,26,14
Lazada's dedication to providing a seamless shopping experience is commendable.,ChipExplorer,Instagram,#Lazada,22,45,Canada,2023,5,27,21
"Just redeemed my Lazada voucher, saved big on my purchase!",ExcitementSeeker,Facebook,#Lazada,18,35,USA,2023,5,28,12
Considering recommending Lazada to friends and family for their shopping needs.,NightReader,Twitter,#Lazada,30,60,UK,2023,5,29,23
"Received prompt assistance from Lazada's customer service team, highly satisfied.",GamingEnthusiast,Instagram,#Lazada,22,45,USA,2023,5,30,20
Impressed by Lazada's efforts in promoting eco-friendly packaging practices.,LazyWatcher,Facebook,#Lazada,35,70,Canada,2023,5,31,15
Can't wait to explore Lazada's extensive collection of beauty products.,TrendExplorer,Twitter,#Lazada,20,40,USA,2023,6,1,18
Disappointed with the lack of updates on the status of my Lazada order.,MusicalExplorer,Instagram,#Lazada,28,55,UK,2023,6,2,14
"My Lazada app makes browsing and shopping a breeze, love the convenience!",MusicAficionado,Facebook,#Lazada,22,45,Canada,2023,6,3,21
"Just received my Lazada order, everything arrived earlier than expected.",HomeChef,Twitter,#Lazada,25,50,USA,2023,6,4,19
Lazada's commitment to customer satisfaction sets them apart from competitors.,AdventureSeeker,Instagram,#Lazada,18,35,UK,2023,6,5,10
"Just discovered Lazada's exclusive deals section, amazing discounts!",DanceEnthusiast,Facebook,#Lazada,28,55,Canada,2023,6,6,22
Wondering if Lazada will expand their product categories in the future.,NostalgiaExplorer,Twitter,#Lazada,22,45,USA,2023,6,7,12
Feeling frustrated with the long response time from Lazada's customer support.,HomeDecorator,Instagram,#Lazada,35,70,UK,2023,6,8,16